user_id,name,city,street
101,Adam Steciuk,Miasto,Ulica
102,Aurelia Malon,Police,pl. Brzoskwiniowa 11/53
103,Mateusz Kobel,Police,al. Wrocławska 10
104,Radosław Ratka,Mielec,pl. Nowa 89/04
105,Anastazja Oszust,Szczecin,ul. Częstochowska 80
106,Sylwia Nurek,Szczecin,al. Wiosenna 72
107,Aleksander Mendak,Police,ulica Powstańców Wielkopolskich 70/64
108,Ewa Szołtysik,Szczecin,plac Srebrna 965
109,Gustaw Janoszek,Warszawa,plac Morska 278
110,Ada Wojsa,Police,aleja Jana Pawła II 764
111,Ernest Witoń,Radom,ul. Sarnia 25
112,Lidia Makurat,Police,ulica Matejki 81
113,Lidia Prystupa,Kutno,aleja Urocza 63/16
114,Oliwier Machowiak,Warszawa,plac Wiatraczna 62
115,Nicole Guziak,Police,ulica Lotnicza 75/22
116,Antoni Naglik,Mielec,pl. Chopina 01/23
117,Szymon Danieluk,Szczecin,pl. Łanowa 48/46
118,Rafał Mazek,Mielec,pl. Wyszyńskiego 948
119,Krzysztof Kurpisz,Mielec,al. Mickiewicza 73/72
120,Olaf Szymula,Warszawa,plac Browarna 72
121,Alan Gołoś,Gdynia,aleja Rejtana 707
122,Ewa Deluga,Szczecin,ul. Górna 95/54
123,Kajetan Prygiel,Szczecin,ul. Kochanowskiego 41/89
124,Marcel Brzeźniak,Kutno,ulica Mokra 134
125,Borys Doroba,Warszawa,ul. Witosa 58
126,Bruno Żółkiewicz,Kutno,pl. Rzeczna 935
127,Emil Pawełkiewicz,Konin,ul. Baczynskiego 72
128,Anna Maria Żugaj,Police,pl. Kossaka 86/52
129,Kaja Małocha,Gdynia,al. Piastowska 60/99
130,Maciej Fronczek,Konin,plac Kossaka 700
131,Cezary Armatys,Szczecin,ul. Chełmońskiego 059
132,Borys Ciuk,Radom,ulica Ciasna 282
133,Olga Radziewicz,Radom,al. Traugutta 46/65
134,Sebastian Lorenz,Szczecin,ul. Czarnieckiego 89/95
135,Kazimierz Pietrak,Szczecin,pl. Cegielniana 208
136,Urszula Ochnik,Warszawa,pl. Krakowska 68/79
137,Nataniel Karkocha,Gdynia,pl. Grzybowa 86
138,Sonia Ochal,Konin,aleja Rynek 31/56
139,Anita Zdancewicz,Szczecin,ul. Poniatowskiego 75/78
140,Wiktor Wypiór,Warszawa,ulica Zakole 43
141,Damian Dorociak,Radom,ul. Stolarska 55
142,Daniel Oleksak,Warszawa,pl. Krasickiego 499
143,Krystyna Niesporek,Radom,al. Prusa 39/79
144,Cezary Terka,Szczecin,plac Stycznia 75/34
145,Patryk Skała,Warszawa,aleja Opolska 83/67
146,Bartek Kukuczka,Police,ul. Konarskiego 67/63
147,Klara Bittner,Szczecin,al. Stolarska 40/82
148,Karol Kurpisz,Mielec,ulica Jagiellońska 92/46
149,Ida Drewicz,Konin,plac Kreta 14
150,Anastazja Siemieńczuk,Konin,ul. Widokowa 88
151,Dawid Rzeźniczak,Radom,pl. Lawendowa 338
152,Mateusz Broncel,Konin,plac Szpitalna 598
153,Krystian Hadała,Gdynia,al. Turystyczna 49
154,Wojciech Fiutak,Gdynia,al. Witosa 162
155,Ida Święs,Kutno,pl. Chmielna 18
156,Olaf Ochal,Radom,aleja Słonecznikowa 00/67
157,Kacper Sosnówka,Kutno,aleja Błękitna 37/72
158,Damian Kruszona,Radom,ul. Cisowa 932
159,Sandra Koczara,Radom,pl. Głowackiego 594
160,Angelika Stoltman,Police,al. Zakole 90/67
161,Jędrzej Zielke,Gdynia,al. Lawendowa 816
162,Mikołaj Chojna,Mielec,ul. Cegielniana 97/41
163,Piotr Olesiejuk,Konin,al. Szymanowskiego 78
164,Dominik Kusik,Szczecin,pl. Lazurowa 90
165,Ewa Ryznar,Konin,ulica Lawendowa 14
166,Mateusz Kłysz,Konin,al. Plażowa 90/67
167,Mikołaj Matyka,Radom,aleja Wrzosowa 75
168,Sandra Kuryłowicz,Police,ul. Makowa 918
169,Natasza Berendt,Radom,al. Gajowa 993
170,Kaja Golda,Warszawa,ulica Młynarska 964
171,Cyprian Sztaba,Szczecin,pl. Morska 94/34
172,Oskar Jaszczur,Gdynia,ul. Żurawia 50/80
173,Ignacy Mazik,Warszawa,al. Magnoliowa 45/86
174,Witold Gietka,Warszawa,pl. Słowicza 351
175,Tadeusz Ciak,Warszawa,plac Borówkowa 92
176,Jeremi Szaj,Gdynia,ul. Krasickiego 236
177,Grzegorz Grzenia,Kutno,ul. Fredry 12/84
178,Paweł Postawa,Konin,ulica Kraszewskiego 004
179,Adrianna Lica,Warszawa,ul. Strażacka 45/42
180,Mieszko Jodko,Warszawa,al. Górska 12/90
181,Krzysztof Broś,Mielec,plac Podwale 32
182,Daniel Janoszka,Kutno,plac Nadrzeczna 315
183,Antoni Niewiara,Radom,aleja Hallera 442
184,Kamil Hołota,Police,aleja Jesienna 161
185,Aniela Żurawik,Warszawa,pl. Wojska Polskiego 706
186,Jan Kulus,Radom,al. Fredry 91/85
187,Przemysław Miąsko,Police,plac Brzozowa 391
188,Olaf Sterna,Konin,plac Dojazdowa 194
189,Konrad Chaba,Warszawa,pl. Kraszewskiego 533
190,Justyna Karwala,Police,al. Torowa 460
191,Gaja Bugiel,Police,al. Lelewela 390
192,Łukasz Szczudło,Police,al. Złota 321
193,Ksawery Goska,Kutno,ulica Kołłątaja 66
194,Aniela Haremza,Mielec,aleja Promienna 68
195,Andrzej Wittbrodt,Warszawa,pl. Stroma 895
196,Klara Kopik,Szczecin,aleja Świerczewskiego 51/22
197,Anita Pawlos,Szczecin,pl. Magnoliowa 994
198,Miłosz Dudczak,Gdynia,plac Pułaskiego 80/30
199,Marcel Bodziony,Konin,pl. Żeglarska 39/82
200,Agnieszka Kabza,Szczecin,aleja Diamentowa 70
201,Juliusz Janczura,Radom,ulica Kusocińskiego 24/71
202,Emil Ziniewicz,Konin,ulica Krasińskiego 764
203,Tymoteusz Lew,Mielec,al. Cyprysowa 74/78
204,Bianka Westfal,Mielec,al. Wąska 13/09
205,Urszula Gul,Warszawa,ul. Górnicza 31
206,Klara Kotala,Szczecin,ul. Dąbrowskiej 57
207,Albert Leszczyk,Mielec,al. Słowicza 77
208,Konrad Ciuk,Mielec,aleja Stolarska 439
209,Alex Młyńczak,Warszawa,ulica Malczewskiego 422
210,Nataniel Kołaczyk,Szczecin,ul. Jagodowa 11/54
211,Kornelia Koczara,Kutno,ulica Okrzei 42
212,Adam Zbroszczyk,Police,al. Akacjowa 77
213,Cyprian Tałaj,Warszawa,ulica Widok 58/80
214,Malwina Lisik,Kutno,ul. Ceglana 52
215,Jakub Miros,Police,plac Promienna 31/45
216,Monika Bittner,Szczecin,plac Rataja 210
217,Tymon Taciak,Kutno,ul. Kosynierów 595
218,Nela Politowicz,Gdynia,ulica Gajowa 921
219,Józef Kolber,Warszawa,pl. Zbożowa 79/83
220,Sara Serzysko,Kutno,aleja Szczęśliwa 14
221,Marika Miecznik,Szczecin,plac Piastowska 17
222,Kornelia Dumała,Gdynia,al. Sikorskiego 39/80
223,Olaf Cegła,Szczecin,al. Brzoskwiniowa 73
224,Jeremi Gniewek,Kutno,ulica Jana Sobieskiego 34
225,Gabriel Chwalisz,Police,pl. Srebrna 675
226,Julian Zimmer,Konin,ulica Norwida 848
227,Eliza Symonowicz,Warszawa,ul. Gałczynskiego 120
228,Melania Niedośpiał,Szczecin,al. Wąska 78/57
229,Iwo Palej,Police,plac Wojciecha 64/95
230,Sonia Machowiak,Warszawa,plac Morelowa 89
231,Kornelia Dziwak,Police,plac Sikorskiego 206
232,Marek Kurczab,Police,al. Cicha 31/69
233,Radosław Cyganik,Warszawa,aleja Fabryczna 920
234,Marek Husak,Radom,ul. Dojazdowa 69
235,Anna Maria Dubik,Police,pl. Miła 45/53
236,Józef Oczko,Gdynia,ul. Dąbrowskiej 49
237,Ewa Chruszcz,Police,ulica Kwiatowa 75/52
238,Marika Engel,Warszawa,aleja Staffa 17/40
239,Adrian Serwach,Kutno,ulica Norwida 93
240,Stefan Kózka,Konin,ul. Jana 90/11
241,Ida Daniec,Police,plac Piękna 438
242,Marcelina Białach,Gdynia,al. Zielna 126
243,Konrad Gałach,Mielec,al. Długa 875
244,Radosław Chruszcz,Gdynia,plac Daleka 22
245,Tobiasz Woda,Gdynia,plac Sokola 46/61
246,Fabian Sobisz,Gdynia,aleja Traugutta 48
247,Alex Kawula,Police,pl. Borówkowa 62
248,Dariusz Karyś,Gdynia,ulica Wierzbowa 921
249,Olga Stochaj,Konin,plac Starowiejska 101
250,Konstanty Swaczyna,Szczecin,pl. Pocztowa 43
251,Jędrzej Kajstura,Konin,ul. Błękitna 564
252,Juliusz Bugla,Szczecin,ul. Cyprysowa 09/00
253,Dagmara Lament,Mielec,plac Konopnickiej 97/54
254,Robert Chachaj,Konin,pl. Popiełuszki 28/64
255,Jakub Kopytko,Kutno,aleja Jaworowa 867
256,Ryszard Pietrusiak,Radom,ul. Jaworowa 947
257,Monika Samul,Szczecin,pl. Kasztanowa 25
258,Radosław Matulewicz,Szczecin,aleja Powstańców Śląskich 01
259,Agnieszka Grzenia,Mielec,ul. Glówna 18
260,Łukasz Suda,Kutno,ulica Brzozowa 12/31
261,Aleks Biesaga,Konin,al. Jaworowa 235
262,Nataniel Fiedorczuk,Szczecin,aleja Zachodnia 12/49
263,Cyprian Botor,Radom,ul. Zakole 93
264,Miłosz Ośko,Radom,aleja Armii Krajowej 91
265,Róża Srokosz,Konin,al. Brzozowa 360
266,Ada Matyjaszek,Szczecin,aleja Skośna 141
267,Anita Pabiś,Mielec,ul. Pogodna 57/55
268,Roksana Garncarek,Radom,aleja Wiatraczna 91/17
269,Dawid Wojtalewicz,Gdynia,aleja Olchowa 03
270,Borys Majzner,Police,pl. Letniskowa 037
271,Emil Pesta,Kutno,ul. Jaśminowa 14
272,Ida Jaroch,Mielec,aleja Szmaragdowa 15
273,Sebastian Błasik,Police,ulica Częstochowska 031
274,Adrian Smoter,Gdynia,plac Szymanowskiego 49/99
275,Nicole Laszkiewicz,Szczecin,ul. Strumykowa 64/91
276,Marcin Wrochna,Konin,pl. Kołłątaja 455
277,Tymoteusz Ciaś,Mielec,ul. Skargi 76
278,Blanka Matejczyk,Warszawa,pl. Żeglarska 273
279,Tadeusz Domian,Mielec,ulica Szpitalna 82/68
280,Mikołaj Latuszek,Radom,pl. Kruczkowskiego 076
281,Daniel Halama,Konin,pl. Wieniawskiego 389
282,Malwina Motak,Radom,ulica Krucza 48
283,Ernest Torbus,Gdynia,al. Kościuszki 25
284,Adrian Grygorowicz,Gdynia,ul. Agrestowa 82/84
285,Antoni Aleksa,Kutno,al. Składowa 04/60
286,Miłosz Lelonek,Konin,ulica Popiełuszki 19
287,Kornelia Hak,Radom,ulica Wczasowa 130
288,Maksymilian Ziemann,Radom,ulica Malczewskiego 12
289,Michał Penkala,Warszawa,pl. Perłowa 922
290,Hubert Starzak,Radom,pl. Maja 264
291,Nicole Kurant,Radom,ul. Chełmońskiego 13/10
292,Cezary Worach,Konin,pl. Szymanowskiego 51
293,Marek Gronkiewicz,Mielec,pl. Wiklinowa 163
294,Konrad Maruszczyk,Police,plac Pogodna 603
295,Emil Kopyto,Police,aleja Turkusowa 24
296,Gabriel Wiekiera,Warszawa,ul. Jana Pawła II 584
297,Andrzej Kreczmer,Szczecin,ul. Zdrojowa 43/11
298,Natan Świadek,Mielec,pl. Staffa 801
299,Jeremi Kajstura,Konin,pl. Wiklinowa 022
300,Gustaw Cofała,Gdynia,ulica Krakowska 847
301,Sara Nóżka,Warszawa,aleja Słoneczna 78/05
302,Tomasz Jachimczyk,Mielec,pl. Paderewskiego 86
303,Natasza Karmelita,Konin,al. Spacerowa 705
304,Tomasz Florian,Mielec,pl. Średnia 23/06
305,Krystyna Peszko,Konin,al. Morska 01/02
306,Bruno Piekara,Radom,ul. Glówna 75
307,Juliusz Mikosz,Kutno,ul. Miodowa 24
308,Bruno Abramczuk,Warszawa,pl. Okrężna 596
309,Artur Wesoła,Radom,pl. Podgórna 579
310,Monika Majsterek,Kutno,ul. Wojciecha 87/95
311,Sandra Pawliszyn,Gdynia,al. Magnoliowa 63/27
312,Wojciech Szyda,Szczecin,al. Morcinka 02/40
313,Kazimierz Ścibior,Gdynia,pl. Miła 08/69
314,Adrianna Ułanowicz,Konin,pl. Owocowa 116
315,Nataniel Wojewódka,Radom,al. Zachodnia 701
316,Ernest Stanuch,Konin,ul. Podleśna 86/86
317,Konrad Malara,Gdynia,pl. Mazowiecka 762
318,Błażej Borzych,Radom,ulica Łanowa 952
319,Apolonia Michnik,Szczecin,al. Wypoczynkowa 17/14
320,Tomasz Święs,Konin,ulica Kalinowa 885
321,Tymon Elert,Gdynia,ul. Hutnicza 229
322,Krzysztof Ciochoń,Konin,al. Korfantego 45/45
323,Kamila Godzisz,Warszawa,plac Lubelska 868
324,Kajetan Gral,Gdynia,pl. Jesienna 273
325,Juliusz Majos,Gdynia,aleja Poniatowskiego 99/48
326,Borys Samulak,Police,aleja Malczewskiego 06
327,Natan Delikat,Warszawa,ulica Wrzosowa 33/12
328,Iwo Ścibior,Szczecin,al. Urocza 790
329,Tobiasz Nieścioruk,Police,aleja Ludowa 058
330,Adam Warzybok,Gdynia,plac Urocza 51/71
331,Miłosz Pachla,Warszawa,plac Młyńska 07
332,Konstanty Bubel,Kutno,pl. Nowa 29
333,Melania Wieczerzak,Konin,al. Jagodowa 10/92
334,Kalina Wrochna,Gdynia,al. Mokra 23
335,Jędrzej Czerwionka,Gdynia,pl. Spacerowa 98/69
336,Szymon Zyga,Szczecin,pl. Wyszyńskiego 47/57
337,Gabriel Bastek,Warszawa,al. Kościelna 83
338,Janina Zastawny,Mielec,ul. Morcinka 43
339,Kornelia Sołtysek,Radom,ulica Kasprowicza 267
340,Roksana Kasica,Kutno,pl. Krucza 06/61
341,Alex Zastawny,Konin,ulica Broniewskiego 609
342,Ryszard Mueller,Konin,al. Ptasia 86
343,Kornelia Furga,Szczecin,ul. Łąkowa 702
344,Jacek Borzym,Police,aleja Strumykowa 436
345,Sara Zdziech,Mielec,aleja Chełmońskiego 566
346,Marcelina Bejma,Radom,al. Rolnicza 41
347,Cezary Morgała,Konin,ulica Łabędzia 196
348,Bartek Szymańczak,Szczecin,ul. Jastrzębia 138
349,Filip Skup,Kutno,plac Storczykowa 31/85
350,Przemysław Reszke,Kutno,ul. Okrzei 39
351,Kajetan Mudlaff,Gdynia,ul. Kopernika 69
352,Maks Bernatowicz,Gdynia,pl. Dojazdowa 10
353,Wiktor Zmyślony,Mielec,pl. Środkowa 73/29
354,Eliza Brygoła,Szczecin,al. Pogodna 93/78
355,Apolonia Rudzik,Mielec,ulica Głowackiego 75/57
356,Bruno Kapinos,Gdynia,al. Zbożowa 276
357,Marika Kyc,Konin,ulica Częstochowska 14
358,Marek Fraś,Mielec,ul. Jodłowa 286
359,Dariusz Dulemba,Mielec,ul. Gołębia 80/15
360,Dagmara Szałaj,Warszawa,al. Lawendowa 18/96
361,Fabian Zachwieja,Police,pl. Środkowa 18/41
362,Leonard Rejniak,Warszawa,al. Królewska 26
363,Kajetan Mikita,Warszawa,ulica Tulipanowa 699
364,Konrad Kowaluk,Kutno,aleja Urocza 13/26
365,Sylwia Drej,Kutno,aleja Gajowa 95
366,Witold Zawalich,Police,aleja Jadwigi 07/16
367,Eliza Tomaszuk,Konin,aleja Skośna 47/06
368,Rafał Słoń,Mielec,pl. Topolowa 56/34
369,Anna Maria Parus,Szczecin,ulica Piaskowa 91
370,Lidia Bodzak,Kutno,pl. Drzymały 27
371,Angelika Lelito,Szczecin,ulica Staffa 03/98
372,Ada Moroń,Radom,plac Prusa 08
373,Daniel Błasik,Konin,ulica Kasprowicza 472
374,Angelika Fiedler,Radom,al. Orzechowa 447
375,Kacper Pyś,Warszawa,al. Okrężna 354
376,Wiktor Tekiela,Police,ulica Jasna 44
377,Anna Maria Habdas,Konin,ulica Piekarska 25/58
378,Kaja Kielich,Warszawa,ul. Wałowa 81
379,Stanisław Wojtarowicz,Szczecin,ul. Sienkiewicza 11/71
380,Szymon Filak,Kutno,aleja Niepodległości 11/57
381,Natan Pazik,Mielec,ulica Ogrodowa 986
382,Iwo Aleksandrzak,Warszawa,al. Strzelecka 72/11
383,Eryk Kusio,Konin,al. Kaliska 254
384,Anna Maria Wojtach,Kutno,plac Broniewskiego 52
385,Nikodem Jachimczyk,Warszawa,pl. Harcerska 84
386,Kamil Pinda,Warszawa,aleja Grottgera 847
387,Justyna Ofiara,Konin,ulica Gdańska 51
388,Maksymilian Sacharczuk,Szczecin,plac Sportowa 30
389,Jerzy Czupryna,Konin,ul. Fabryczna 41/95
390,Janina Stawinoga,Warszawa,al. Olchowa 20/15
391,Liwia Babij,Gdynia,ul. Ptasia 80
392,Dariusz Wajer,Szczecin,plac Sadowa 15
393,Ksawery Suchta,Warszawa,ulica Moniuszki 525
394,Michał Sadlik,Konin,al. Strzelecka 49/97
395,Stanisław Korzekwa,Radom,al. Daszyńskiego 283
396,Piotr Kawulok,Police,pl. Wiśniowa 161
397,Łukasz Palej,Gdynia,aleja Promienna 60/30
398,Fabian Kuciel,Mielec,aleja Sucharskiego 89/79
399,Maciej Małys,Gdynia,ulica Tęczowa 51/30
400,Kamil Styn,Konin,ulica Azaliowa 27
401,Aniela Tyczka,Police,pl. Jabłoniowa 27/73
402,Iwo Golda,Mielec,al. Dolna 741
403,Kornelia Barłóg,Mielec,aleja Grabowa 43/38
404,Andrzej Zgoła,Police,pl. Wróblewskiego 19/13
405,Gabriel Kusztal,Gdynia,ul. Truskawkowa 00/02
406,Ada Palus,Radom,al. Olchowa 07
407,Andrzej Boś,Kutno,ulica Kusocińskiego 05/02
408,Dagmara Szałaj,Szczecin,plac Zakole 179
409,Karina Eckert,Szczecin,al. Zaułek 22/25
410,Kamil Chołody,Konin,al. Myśliwska 902
411,Artur Parada,Konin,pl. Nowa 29/93
412,Artur Zarzeczna,Police,ul. Dobra 23/40
413,Damian Deryło,Police,plac Lelewela 28/84
414,Kaja Gul,Konin,al. Paderewskiego 91/67
415,Antoni Dyjas,Konin,ulica Borowa 85/31
416,Kornel Ograbek,Warszawa,pl. Sienkiewicza 52
417,Dominik Sakwa,Szczecin,al. Bankowa 04/48
418,Jerzy Paliga,Konin,aleja Sikorskiego 18
419,Dorota Pytlarz,Konin,pl. Targowa 779
420,Ksawery Pyszka,Warszawa,plac Pocztowa 34
421,Mieszko Haraburda,Radom,ulica Kazimierza Wielkiego 31
422,Ewa Baranowicz,Szczecin,al. Reja 92
423,Ewa Maraszek,Gdynia,pl. Skośna 29
424,Lidia Tabisz,Kutno,ulica Słowackiego 127
425,Aleksander Siudek,Konin,plac Władysława Łokietka 01/17
426,Alex Smagacz,Warszawa,plac Żeromskiego 871
427,Paweł Janoszka,Kutno,pl. Chmielna 944
428,Ernest Sacharczuk,Police,plac Chmielna 101
429,Ernest Wenzel,Warszawa,plac Dębowa 14
430,Mateusz Juszczuk,Radom,aleja Wierzbowa 143
431,Franciszek Majak,Warszawa,pl. Klonowa 07
432,Dorota Dylong,Gdynia,al. Topolowa 29/15
433,Inga Boryczko,Mielec,al. Ściegiennego 56
434,Szymon Kożuszek,Radom,plac Floriana 537
435,Kornelia Fal,Mielec,pl. Konopnickiej 83/15
436,Franciszek Labudda,Police,pl. Borówkowa 49/96
437,Sebastian Seweryniak,Kutno,ulica Niepodległości 71
438,Emil Franc,Radom,plac Listopada 32/90
439,Wiktor Drobik,Police,al. Królewska 19/36
440,Iwo Jamroży,Police,pl. Rubinowa 70/82
441,Nela Malarczyk,Mielec,ulica Kamienna 04/91
442,Jacek Jędrak,Konin,al. Nowowiejska 09/18
443,Jan Burnat,Konin,plac Gołębia 53
444,Wiktor Matus,Radom,plac Broniewskiego 06/08
445,Leon Podsiedlik,Mielec,pl. Kosynierów 348
446,Adrianna Słoń,Szczecin,pl. Sybiraków 530
447,Justyna Szabla,Konin,ulica Widok 690
448,Nicole Sereda,Warszawa,ul. Robotnicza 38/05
449,Witold Gamrat,Szczecin,al. Wolności 03
450,Inga Przewoźny,Radom,aleja Andersa 17
451,Daniel Kolarczyk,Radom,plac Srebrna 08/49
452,Janina Pudełek,Police,ul. Poniatowskiego 106
453,Nela Pych,Mielec,aleja Makuszyńskiego 78
454,Daniel Michalczak,Konin,plac Korczaka 10
455,Kamil Kubasiak,Gdynia,al. Krokusowa 22
456,Olga Brejnak,Mielec,pl. Ogrodowa 07/97
457,Mikołaj Kurczak,Szczecin,al. Wyszyńskiego 81/16
458,Justyna Patoła,Konin,ulica Jarzębinowa 899
459,Krystian Ludwik,Kutno,ul. Drzymały 49/85
460,Witold Wojniak,Szczecin,aleja Mostowa 310
461,Aniela Tecław,Police,ulica Liliowa 24
462,Anita Gromala,Warszawa,al. Kaszubska 415
463,Józef Fyda,Kutno,al. Wiejska 71/28
464,Witold Wilkos,Warszawa,aleja Krzywa 54/59
465,Adam Szykuła,Konin,aleja Spółdzielcza 92
466,Julian Gerlach,Police,ulica Olchowa 08
467,Gaja Dzika,Konin,al. Srebrna 868
468,Robert Kudlak,Radom,ulica Szpitalna 71
469,Bartek Oleksak,Kutno,ul. Drzymały 521
470,Łukasz Szywała,Warszawa,plac Wiślana 22/37
471,Wojciech Saczuk,Gdynia,ul. Dąbrowskiego 72/11
472,Ewelina Ograbek,Radom,plac Drzymały 621
473,Aleks Sierpień,Gdynia,al. Górnicza 484
474,Alan Surdyk,Mielec,aleja Młyńska 92/10
475,Róża Kopytko,Gdynia,plac Handlowa 36/67
476,Wiktor Zadka,Szczecin,ul. Mieszka I 791
477,Maksymilian Hamerla,Police,pl. Jadwigi 36/58
478,Aleks Berdzik,Gdynia,ul. Łąkowa 24
479,Melania Skwira,Kutno,al. Nadrzeczna 66/45
480,Marika Mainka,Mielec,pl. Orzeszkowej 76/14
481,Oliwier Snoch,Warszawa,ulica Piaskowa 110
482,Sebastian Cegła,Mielec,aleja Parkowa 22
483,Aleks Nieszporek,Police,aleja Głogowa 91
484,Bianka Lewek,Szczecin,ul. Świerczewskiego 965
485,Ewa Gruchot,Radom,al. Łączna 66/39
486,Wiktor Godzwon,Kutno,pl. Chmielna 789
487,Melania Pielech,Police,al. Orkana 46
488,Ryszard Szwaj,Police,pl. Lwowska 938
489,Wojciech Pronobis,Konin,pl. Sybiraków 789
490,Borys Taranek,Police,ulica Ptasia 17
491,Elżbieta Andrukiewicz,Radom,aleja Diamentowa 73
492,Witold Wiciak,Konin,ul. Kasprowicza 057
493,Angelika Kozień,Gdynia,plac Rycerska 90
494,Witold Wojtak,Kutno,pl. Agrestowa 48/76
495,Róża Kapera,Mielec,plac Turystyczna 77
496,Sylwia Męcik,Warszawa,al. Leśna 72/07
497,Oliwier Giec,Warszawa,ul. Chabrowa 44/35
498,Urszula Śledzik,Szczecin,aleja Waryńskiego 857
499,Maks Pałyga,Szczecin,al. Skłodowskiej-Curie 59
500,Krystyna Grab,Warszawa,ul. Częstochowska 06
501,Kacper Staś,Police,ulica Krótka 65/36
502,Jakub Felisiak,Mielec,plac Piastowska 348
503,Ida Melcer,Konin,pl. Kosynierów 56/46
504,Anastazja Dulemba,Police,plac Reymonta 35/96
505,Malwina Maślach,Radom,ul. Fredry 69/74
506,Elżbieta Gałach,Warszawa,aleja Morelowa 338
507,Natan Białous,Police,plac Ogrodowa 56
508,Fabian Żuchowicz,Mielec,ulica Zwycięstwa 79
509,Gustaw Elias,Police,pl. Wierzbowa 39/15
510,Aniela Ochal,Warszawa,ul. Słowicza 16/99
511,Nataniel Strządała,Gdynia,plac Kołłątaja 99/89
512,Leon Keler,Warszawa,aleja Rolna 091
513,Nataniel Pyda,Gdynia,ulica Prusa 22/28
514,Rafał Litwiniuk,Szczecin,ul. Plażowa 26/76
515,Apolonia Dietrich,Szczecin,al. Turkusowa 67/54
516,Dorota Kott,Radom,ul. Gdańska 33/96
517,Malwina Waraksa,Kutno,ul. Żwirki i Wigury 34
518,Melania Broś,Radom,pl. Łabędzia 53
519,Tadeusz Ciapa,Szczecin,al. Borówkowa 44/10
520,Adrian Kopij,Radom,al. Szkolna 816
521,Kornelia Pruchnik,Konin,al. Leszczynowa 71/36
522,Sandra Kobryń,Police,ul. Urocza 215
523,Ewa Hanzel,Warszawa,al. Polna 44/00
524,Łukasz Pacura,Kutno,ul. Królewska 31
525,Mateusz Strządała,Warszawa,ulica Działkowa 18
526,Rafał Chyb,Mielec,al. Osiedlowa 29/84
527,Roksana Stochmal,Szczecin,aleja Czereśniowa 16
528,Melania Namysło,Szczecin,aleja Przechodnia 06/85
529,Bruno Borzych,Radom,al. Wąska 68/12
530,Andrzej Rysz,Kutno,pl. Dobra 60
531,Tymon Kusa,Konin,ulica Bociania 184
532,Eryk Linke,Radom,ulica Sowia 82/80
533,Kacper Dusik,Police,pl. Łabędzia 538
534,Gabriel Bugla,Mielec,al. Nadbrzeżna 373
535,Szymon Czerner,Police,aleja Strzelecka 12
536,Dorota Drózd,Warszawa,al. Traugutta 11
537,Apolonia Jarema,Radom,ulica Pocztowa 429
538,Marcel Kołodziejak,Warszawa,aleja Reja 59
539,Kajetan Wincenciak,Radom,al. Cedrowa 137
540,Kornel Fit,Warszawa,aleja Rumiankowa 93
541,Stanisław Błażejczak,Szczecin,al. Poziomkowa 166
542,Dorota Zieja,Warszawa,al. Złota 90
543,Wojciech Wawszczyk,Police,al. Ptasia 10
544,Marcelina Meler,Kutno,aleja Wiślana 63/06
545,Gustaw Kiliszek,Konin,ulica Towarowa 63/51
546,Tadeusz Leśny,Szczecin,al. Tęczowa 53/69
547,Krzysztof Kapral,Kutno,pl. Kaszubska 868
548,Piotr Pajdak,Gdynia,pl. Żurawia 16/93
549,Anastazja Trzpil,Mielec,ulica Chmielna 60
550,Rozalia Krakowczyk,Kutno,pl. Mickiewicza 577
551,Marika Glapiak,Gdynia,plac Wałowa 005
552,Michał Getka,Warszawa,pl. Szafirowa 76
553,Julianna Żurawik,Szczecin,plac Szkolna 79/43
554,Melania Raźniak,Gdynia,pl. Wyzwolenia 633
555,Inga Toma,Kutno,al. Porzeczkowa 92/25
556,Dawid Graboś,Radom,aleja Poziomkowa 401
557,Olga Tutka,Gdynia,ul. Tuwima 703
558,Natasza Dulewicz,Szczecin,ulica Staszica 23/52
559,Justyna Gajowiak,Szczecin,pl. Mazurska 58
560,Wiktor Polakiewicz,Radom,ul. Willowa 89/41
561,Kaja Sadoch,Warszawa,ul. Cisowa 368
562,Karina Wittbrodt,Mielec,al. Średnia 623
563,Ksawery Andrzejuk,Szczecin,ul. Widokowa 315
564,Jędrzej Linka,Gdynia,aleja Poziomkowa 54
565,Konrad Rząd,Radom,pl. Jana Pawła II 95/36
566,Bianka Krężołek,Mielec,ul. Majowa 77/18
567,Piotr Nyk,Gdynia,aleja Żurawia 623
568,Kacper Wiech,Warszawa,ulica Kochanowskiego 722
569,Adrian Szmagaj,Police,pl. Strumykowa 72/88
570,Kamil Czerwionka,Police,ul. Jałowcowa 24/99
571,Inga Ludwin,Warszawa,al. Jagodowa 999
572,Borys Dryka,Gdynia,pl. Poznańska 92
573,Stefan Jaskóła,Konin,plac Wyspiańskiego 94
574,Ignacy Kazana,Szczecin,ul. Miła 63
575,Julita Holeksa,Police,ulica Prusa 25
576,Krystyna Gaś,Kutno,ulica Starowiejska 85/03
577,Stefan Dziadkiewicz,Konin,ul. Chopina 25
578,Andrzej Cebulak,Kutno,pl. Cedrowa 280
579,Andrzej Kołodziejak,Szczecin,ulica Olchowa 32/01
580,Elżbieta Drgas,Kutno,aleja Harcerska 310
581,Arkadiusz Związek,Warszawa,aleja Handlowa 05/86
582,Piotr Nowrot,Police,al. Żeromskiego 40/39
583,Blanka Damek,Konin,pl. Szafirowa 77
584,Mieszko Gajzler,Kutno,ul. Konstytucji 3 Maja 34
585,Aurelia Golisz,Gdynia,pl. Pomorska 283
586,Antoni Wawak,Radom,pl. Borówkowa 60/74
587,Witold Pośnik,Radom,aleja Wiśniowa 44
588,Tadeusz Tusk,Radom,plac Kaliska 73/81
589,Ewelina Bernard,Mielec,ul. Błękitna 996
590,Kazimierz Makaruk,Szczecin,aleja Słowackiego 96/49
591,Jakub Przekwas,Warszawa,ulica Kowalska 02/84
592,Damian Grycz,Warszawa,al. Konarskiego 364
593,Maciej Kiepura,Szczecin,ul. Traugutta 98/44
594,Rozalia Lemke,Kutno,ulica Zachodnia 29/81
595,Rafał Skutnik,Kutno,plac Kołłątaja 54
596,Karina Zacharewicz,Szczecin,aleja Rzeczna 127
597,Maciej Flaga,Szczecin,plac Letniskowa 660
598,Róża Majerczyk,Radom,al. Jeziorna 67
599,Aleksander Budrewicz,Szczecin,ulica Rumiankowa 56
600,Sandra Damian,Kutno,ul. Jesienna 12/02
601,Adrian Komisarek,Mielec,pl. Kasztanowa 78
602,Dominik Nowotnik,Radom,aleja Broniewskiego 52/05
603,Daniel Fiołka,Kutno,plac Miłosza 187
604,Krystian Habdas,Police,pl. Letniskowa 98
605,Józef Strojna,Szczecin,plac Myśliwska 690
606,Aurelia Kuczaj,Warszawa,pl. Jasna 731
607,Krystian Ernst,Szczecin,plac Sokola 068
608,Norbert Bąbel,Radom,plac Lotnicza 93
609,Ewa Dąbroś,Radom,al. Maczka 32
610,Daniel Chmara,Szczecin,pl. Żwirki i Wigury 070
611,Malwina Ragus,Gdynia,plac Kolejowa 63/10
612,Nicole Słupek,Konin,plac Przechodnia 16/54
613,Tadeusz Kuffel,Mielec,aleja Młyńska 57
614,Apolonia Klęk,Radom,al. Kielecka 67/41
615,Maks Wosiak,Kutno,plac Pszenna 77/79
616,Roksana Plewnia,Police,ulica Bankowa 61
617,Łukasz Borysiak,Szczecin,aleja Widokowa 15/23
618,Anita Szczubełek,Warszawa,al. Akacjowa 848
619,Tola Drygała,Konin,ulica Grunwaldzka 74
620,Arkadiusz Rogal,Police,pl. Perłowa 29/84
621,Józef Klus,Szczecin,ulica Szafirowa 80/82
622,Błażej Wiszowata,Warszawa,aleja Strumykowa 99/16
623,Eryk Bittner,Mielec,al. Koralowa 79
624,Wiktor Kukawka,Kutno,ul. Powstańców 97
625,Elżbieta Komisarczyk,Szczecin,plac Wyzwolenia 04/78
626,Cyprian Mikłaszewicz,Kutno,aleja Długosza 99
627,Kajetan Jędrusiak,Radom,plac Dobra 826
628,Miłosz Protasiuk,Kutno,al. Andersa 20
629,Jan Salomon,Police,pl. Południowa 30
630,Nikodem Front,Warszawa,pl. Spacerowa 08
631,Marek Minkina,Kutno,ul. Glówna 137
632,Dorota Petrus,Mielec,aleja Południowa 55/81
633,Mieszko Lepak,Mielec,ul. Koralowa 093
634,Olga Mirga,Radom,pl. Jabłoniowa 16
635,Roksana Kutnik,Gdynia,plac Podwale 39
636,Jędrzej Fogel,Konin,pl. Częstochowska 131
637,Andrzej Knapek,Warszawa,al. Zapolskiej 36
638,Andrzej Melcer,Szczecin,plac Południowa 25/58
639,Sandra Gregorek,Kutno,aleja Waryńskiego 98/17
640,Fryderyk Stochmal,Radom,pl. Wąska 78/27
641,Krystian Pietrewicz,Police,pl. Kwiatowa 74/53
642,Monika Obuchowicz,Kutno,ulica Tylna 994
643,Tomasz Uzar,Konin,aleja Traugutta 88/40
644,Krzysztof Przewoźny,Kutno,ulica Sikorskiego 80
645,Fryderyk Rej,Gdynia,aleja Sucharskiego 59/30
646,Janina Żółkiewicz,Gdynia,ul. Jana III Sobieskiego 15
647,Michał Majczyna,Gdynia,aleja Nadrzeczna 55/96
648,Marcelina Sochaj,Police,ulica Kochanowskiego 30/91
649,Hubert Kaszkowiak,Konin,aleja Żwirki i Wigury 507
650,Wojciech Jaroszuk,Radom,plac Malczewskiego 020
651,Bruno Janke,Mielec,pl. Niepodległości 99/80
652,Stefan Bohdanowicz,Mielec,pl. Władysława Jagiełły 60/63
653,Ewelina Dzienis,Kutno,al. Krasińskiego 39
654,Norbert Chorążewicz,Kutno,al. Zakole 25/61
655,Melania Kara,Konin,pl. Owocowa 51
656,Tadeusz Żuchowicz,Warszawa,ulica Wąska 38
657,Krzysztof Ledzion,Konin,pl. Kasztanowa 70/85
658,Sylwia Malisz,Warszawa,al. Makowa 716
659,Oskar Worach,Warszawa,ulica Fabryczna 66
660,Maciej Basaj,Szczecin,ul. Plażowa 521
661,Witold Szpila,Warszawa,aleja Tęczowa 866
662,Szymon Kuliberda,Police,plac Chmielna 565
663,Daniel Cogiel,Radom,pl. Sowia 541
664,Nataniel Grygo,Warszawa,ul. Błękitna 983
665,Bruno Wdowczyk,Kutno,pl. Dębowa 68/94
666,Konstanty Organiściak,Radom,ul. Kaliska 83/72
667,Szymon Kawala,Gdynia,aleja Północna 63
668,Miłosz Burchard,Mielec,ulica Zakole 231
669,Elżbieta Maślach,Mielec,pl. Śląska 879
670,Róża Kiljan,Kutno,aleja Szczęśliwa 46/28
671,Juliusz Maraszek,Szczecin,aleja Mostowa 92
672,Juliusz Paszkowiak,Mielec,ul. Broniewskiego 67
673,Igor Trzos,Radom,plac Szafirowa 76
674,Robert Freitag,Warszawa,plac Borówkowa 97
675,Julian Rurka,Szczecin,plac Torowa 64/61
676,Bianka Solarczyk,Gdynia,pl. Bolesława Chrobrego 08/13
677,Eliza Matura,Kutno,plac Poniatowskiego 16/98
678,Franciszek Kozdroń,Mielec,ulica Sikorskiego 88/09
679,Maurycy Siatka,Police,al. Stroma 13/05
680,Witold Skonieczka,Warszawa,al. Podleśna 145
681,Julian Radke,Kutno,pl. Jarzębinowa 294
682,Jacek Jaszczyszyn,Gdynia,ulica Rzeczna 754
683,Iwo Aleksandrzak,Gdynia,aleja Szmaragdowa 37
684,Janina Gnyp,Kutno,ulica Parkowa 07
685,Bartek Wojtyś,Warszawa,pl. Topolowa 57
686,Anita Lampa,Szczecin,plac Poziomkowa 294
687,Adrian Graboś,Kutno,ul. Nadrzeczna 86/63
688,Błażej Matela,Radom,pl. Narcyzowa 636
689,Szymon Kubów,Szczecin,al. Narcyzowa 29/21
690,Kornel Jarmuła,Police,ul. Narcyzowa 88
691,Tobiasz Danieluk,Gdynia,aleja Orla 00
692,Patryk Tylek,Konin,ulica Rejtana 83/79
693,Sonia Nasiadka,Gdynia,aleja Warszawska 49
694,Artur Klus,Police,ulica Rubinowa 529
695,Krystyna Chabior,Szczecin,ulica Lwowska 75/32
696,Kalina Szabla,Gdynia,al. Sawickiej 123
697,Krystyna Linda,Warszawa,al. Słowicza 97/86
698,Marcin Jakubiuk,Police,ul. Kopernika 95
699,Tobiasz Piskor,Radom,al. Łąkowa 68/24
700,Gabriel Smykała,Police,aleja Wesoła 88
701,Marcin Gasek,Warszawa,ul. Zaciszna 376
702,Rafał Dziduch,Kutno,al. Kolorowa 44/40
703,Tobiasz Zimmer,Radom,aleja Liliowa 00
704,Olgierd Sutor,Radom,ulica Kochanowskiego 84
705,Ewa Masiak,Gdynia,pl. Grunwaldzka 27
706,Krystyna Błaszyk,Szczecin,plac Wyszyńskiego 19/23
707,Eryk Czura,Gdynia,plac Wolności 68/67
708,Urszula Wielgo,Warszawa,pl. Działkowa 312
709,Stanisław Heba,Radom,aleja Storczykowa 432
710,Wojciech Sobieszczyk,Szczecin,al. Przechodnia 669
711,Kamila Bobryk,Mielec,ul. Zapolskiej 99
712,Miłosz Cegła,Kutno,ulica Księżycowa 97/32
713,Igor Grzywnowicz,Szczecin,plac Prosta 626
714,Tymoteusz Leszczak,Radom,ul. Kraszewskiego 25/41
715,Krystyna Ciećko,Szczecin,al. Długa 22
716,Cyprian Burzawa,Warszawa,ulica Dworcowa 41
717,Kalina Ryznar,Warszawa,ulica Świerczewskiego 71
718,Julita Konstanty,Konin,ul. Bociania 63
719,Sebastian Kuziora,Szczecin,aleja Bałtycka 344
720,Juliusz Rawa,Konin,aleja Piwna 49/20
721,Mikołaj Sadlak,Police,ul. Odrzańska 56
722,Józef Dziewit,Police,aleja Wolności 553
723,Hubert Tymczyszyn,Kutno,ulica Podmiejska 90
724,Józef Połetek,Warszawa,aleja Mazowiecka 279
725,Jacek Ceynowa,Mielec,ul. Powstańców Śląskich 247
726,Iwo Andryszczyk,Police,ul. Powstańców Śląskich 722
727,Roksana Kasznia,Konin,plac Wiklinowa 61
728,Roksana Kontny,Konin,al. Rolna 762
729,Ida Smoczyk,Radom,pl. Toruńska 103
730,Eliza Delikat,Szczecin,al. Krasińskiego 072
731,Kamila Kurant,Warszawa,pl. Baczynskiego 391
732,Krystian Zaborek,Warszawa,plac Gołębia 91
733,Kornel Ścibior,Szczecin,ulica Konstytucji 3 Maja 73/83
734,Witold Szymula,Radom,plac Łączna 316
735,Natasza Saj,Kutno,ul. Łabędzia 16/01
736,Maciej Turczyk,Radom,pl. Księżycowa 16
737,Lidia Druszcz,Radom,ulica Borówkowa 830
738,Karina Dębniak,Radom,ulica Lipca 35
739,Krystian Suda,Radom,pl. Żeglarska 93/40
740,Oskar Bondyra,Police,al. Żeglarska 49/07
741,Szymon Danel,Warszawa,al. Chmielna 91
742,Kornel Kozdroń,Radom,pl. Popiełuszki 058
743,Kazimierz Preuss,Police,plac Wysoka 576
744,Norbert Glonek,Kutno,ul. Graniczna 89/08
745,Marcel Capała,Warszawa,ul. Kilińskiego 07
746,Leon Calik,Mielec,plac Tartaczna 11/09
747,Franciszek Rosołek,Radom,pl. Diamentowa 871
748,Maurycy Poniedziałek,Szczecin,aleja Zbożowa 42
749,Mateusz Miąsik,Police,al. Rzemieślnicza 78
750,Justyna Bazydło,Warszawa,al. Pomorska 829
751,Bianka Kościesza,Police,ulica Ceglana 26
752,Sonia Fiedoruk,Warszawa,plac Mokra 873
753,Radosław Mulawa,Konin,plac Pszenna 010
754,Sylwia Bełz,Radom,pl. Zapolskiej 642
755,Kajetan Barszczak,Mielec,al. Magnoliowa 73
756,Dawid Flieger,Mielec,ulica Długa 03/33
757,Urszula Kozaczuk,Warszawa,pl. Okulickiego 71
758,Tymon Sarota,Mielec,ulica Rycerska 61/14
759,Iwo Węgrzyk,Mielec,plac Wodna 66
760,Maurycy Chalimoniuk,Kutno,ul. Chopina 33/18
761,Roksana Kapral,Szczecin,al. Brzozowa 40/02
762,Jakub Kośka,Szczecin,al. Zbożowa 06/46
763,Filip Dobrosz,Police,ul. Tylna 26/12
764,Krystyna Puto,Gdynia,al. Bolesława Chrobrego 119
765,Natan Goj,Konin,al. Fiołkowa 518
766,Dominik Stachewicz,Kutno,ul. Nowa 078
767,Ada Burkiewicz,Mielec,pl. Morelowa 52
768,Igor Bryczek,Warszawa,ul. Powstańców 86
769,Dariusz Polakiewicz,Gdynia,ulica Częstochowska 52
770,Kaja Wyrwich,Police,pl. Powstańców 83
771,Jacek Bejma,Radom,aleja Głowackiego 93
772,Rafał Ryfa,Mielec,aleja Krokusowa 86/70
773,Dawid Pezda,Kutno,ul. Jeżynowa 906
774,Andrzej Grądziel,Police,ul. Szarych Szeregów 10
775,Julian Krysta,Warszawa,plac Ptasia 58/79
776,Nikodem Stochmal,Warszawa,pl. Wodna 97
777,Marcin Nowotny,Police,al. Prosta 15
778,Aleks Pyć,Kutno,plac Pogodna 18
779,Iwo Dykas,Szczecin,ul. Wiślana 42
780,Marika Seta,Konin,pl. Matejki 99/04
781,Dagmara Heleniak,Konin,ulica Rajska 65/83
782,Dagmara Jędraszczyk,Warszawa,al. Szkolna 21
783,Gabriel Lisoń,Konin,pl. Jesionowa 48
784,Dominik Ostasz,Gdynia,ulica Jodłowa 79/72
785,Ada Jędraszek,Kutno,ulica Poprzeczna 06
786,Piotr Mrozowicz,Police,ul. Storczykowa 18/06
787,Nicole Dejneka,Radom,ul. Pocztowa 704
788,Dominik Labus,Kutno,ulica Słowicza 55
789,Ernest Jędrys,Gdynia,pl. Kościuszki 11/78
790,Franciszek Dziarmaga,Gdynia,plac Kaliska 89
791,Andrzej Oleśkiewicz,Radom,al. Cyprysowa 02
792,Apolonia Kurda,Radom,ul. Zacisze 124
793,Julita Paliga,Kutno,ulica Górska 97/79
794,Agnieszka Szyjka,Kutno,plac Pogodna 68/28
795,Juliusz Kulma,Police,ulica Zapolskiej 12
796,Sebastian Hanas,Police,plac Pszenna 614
797,Sonia Szczap,Warszawa,pl. Jana Sobieskiego 665
798,Agnieszka Komsta,Szczecin,ul. Lisia 80
799,Albert Chuchla,Police,pl. Zbożowa 89
800,Gaja Kazberuk,Warszawa,al. Bursztynowa 854
801,Mateusz Wydmuch,Police,aleja Ceglana 99
802,Natasza Pyrz,Szczecin,ulica Wiślana 95
803,Nataniel Sobkiewicz,Konin,ulica Rynek 20/25
804,Dariusz Początek,Gdynia,ulica Pszenna 82
805,Natasza Broncel,Radom,pl. Korfantego 392
806,Tymon Kościuszko,Gdynia,aleja Wiklinowa 463
807,Ryszard Nalazek,Gdynia,ulica Kochanowskiego 483
808,Róża Grubba,Warszawa,aleja Jana 83
809,Bartek Tabiś,Kutno,pl. Bolesława Chrobrego 446
810,Sebastian Żuchowicz,Kutno,aleja Azaliowa 11/84
811,Michał Gendek,Gdynia,al. Brzechwy 60
812,Ada Kudłacik,Gdynia,plac Makowa 42/53
813,Paweł Migała,Radom,aleja Miodowa 228
814,Urszula Szok,Gdynia,pl. Księżycowa 47
815,Ignacy Sumera,Radom,aleja Jana Sobieskiego 35
816,Wojciech Wikło,Szczecin,al. Leśna 258
817,Fryderyk Kuban,Szczecin,ulica Dolna 92/04
818,Aleksander Szymków,Szczecin,ul. Piwna 782
819,Ewa Filiks,Gdynia,ulica Błękitna 76
820,Bruno Juroszek,Kutno,pl. Azaliowa 706
821,Przemysław Szlaga,Konin,ulica Poniatowskiego 713
822,Melania Koronkiewicz,Konin,pl. Staffa 17/64
823,Agnieszka Pyś,Mielec,al. Zacisze 799
824,Marek Kozok,Mielec,plac Kasprowicza 108
825,Marcel Ślipek,Warszawa,aleja Czarnieckiego 78/74
826,Roksana Jędrys,Gdynia,plac Rybacka 396
827,Norbert Zdonek,Gdynia,ulica Kolorowa 737
828,Grzegorz Piaścik,Warszawa,al. Krótka 583
829,Józef Kwasek,Kutno,pl. Szafirowa 24/79
830,Patryk Haraburda,Konin,aleja Rajska 92
831,Jakub Giedrojć,Konin,aleja Podwale 603
832,Sonia Minkina,Gdynia,aleja Zamkowa 58/12
833,Natasza Grys,Police,pl. Źródlana 11/73
834,Ernest Wyłupek,Kutno,ul. Władysława Jagiełły 136
835,Eryk Wypiór,Mielec,plac Zwycięstwa 20/44
836,Nikodem Dzienniak,Kutno,plac Leśna 40/50
837,Apolonia Dworniczak,Mielec,pl. Podmiejska 498
838,Mieszko Puto,Kutno,ulica Krótka 81
839,Stefan Bona,Szczecin,ulica Perłowa 27
840,Artur Wiech,Police,aleja Borowa 55/55
841,Alan Wizner,Szczecin,ul. Prosta 58
842,Maciej Molga,Gdynia,al. Bolesława Krzywoustego 452
843,Karina Kuśka,Szczecin,al. Bankowa 293
844,Filip Kubowicz,Konin,ulica Opolska 424
845,Radosław Krępa,Police,aleja Księżycowa 52/52
846,Wojciech Toborek,Warszawa,aleja Sucharskiego 07
847,Julianna Mętel,Konin,aleja Strumykowa 023
848,Anastazja Sypek,Szczecin,pl. Kruczkowskiego 19
849,Klara Koss,Radom,ulica Warszawska 40
850,Robert Golenia,Radom,aleja Rzeczna 11/06
851,Sylwia Kowala,Konin,ulica Łączna 21/47
852,Klara Danel,Konin,ul. Dobra 72/11
853,Dagmara Idec,Szczecin,pl. Błękitna 43/04
854,Agnieszka Siemek,Radom,al. Nadbrzeżna 34/94
855,Robert Pyszka,Konin,pl. Okrężna 71/88
856,Ignacy Cięciwa,Szczecin,pl. Wiśniowa 14/20
857,Tymoteusz Judek,Police,al. Narutowicza 01
858,Urszula Perka,Konin,ulica Władysława Łokietka 58/27
859,Apolonia Przewłoka,Gdynia,ulica Hallera 647
860,Bianka Klamka,Radom,al. Łączna 534
861,Ksawery Piguła,Szczecin,ul. Łabędzia 88
862,Kazimierz Trąbka,Police,ulica Chmielna 128
863,Alan Stachów,Warszawa,ulica Klasztorna 438
864,Radosław Sulich,Gdynia,aleja Lazurowa 557
865,Alex Kocoł,Gdynia,al. Słoneczna 07/14
866,Hubert Wołos,Kutno,plac Targowa 582
867,Igor Zubowicz,Gdynia,ulica Chabrowa 440
868,Stanisław Szurek,Gdynia,pl. Turkusowa 16
869,Inga Ludwiniak,Police,ul. Stycznia 60
870,Ksawery Puto,Konin,pl. Łabędzia 379
871,Piotr Chabior,Police,pl. Leśna 35
872,Konstanty Kołsut,Kutno,al. Bema 353
873,Alan Kasznia,Konin,pl. Rumiankowa 15/45
874,Bianka Morgała,Mielec,ul. Żwirki i Wigury 315
875,Angelika Łabuś,Szczecin,plac Górska 87/25
876,Sandra Siedlaczek,Szczecin,aleja Nowa 19
877,Ewa Rezler,Radom,ul. Norwida 66/11
878,Andrzej Kobak,Warszawa,plac Warszawska 31
879,Leonard Szkoła,Kutno,aleja Poprzeczna 66/43
880,Ida Rejmer,Warszawa,pl. Jana 76
881,Kajetan Majzner,Police,plac Wrzosowa 408
882,Anastazja Oczkowicz,Gdynia,pl. Rumiankowa 242
883,Ryszard Jałowiec,Szczecin,al. Graniczna 15
884,Marcelina Kozdrój,Police,al. Hutnicza 67/83
885,Iwo Latko,Police,aleja Polna 92/38
886,Bartek Dulik,Radom,aleja Zwycięstwa 132
887,Krystian Kuryś,Szczecin,ulica Pałacowa 645
888,Roksana Getka,Mielec,plac Zacisze 35/90
889,Tomasz Roskosz,Radom,plac Częstochowska 493
890,Mieszko Klinkosz,Kutno,plac Torowa 31/32
891,Dominik Nawój,Gdynia,aleja Zielona 19
892,Emil Fyda,Szczecin,pl. Batalionów Chłopskich 73/54
893,Aurelia Dąbal,Radom,aleja Letniskowa 06
894,Grzegorz Szymków,Konin,al. Cyprysowa 28/45
895,Dawid Misiarz,Kutno,aleja Cisowa 89/75
896,Leonard Zapora,Kutno,ul. Floriana 330
897,Marika Leszkiewicz,Mielec,al. Dębowa 482
898,Olga Gozdur,Gdynia,aleja Górska 79/59
899,Olgierd Andryszczyk,Warszawa,ulica Orzeszkowej 906
900,Róża Skutnik,Warszawa,plac Radosna 34/22
901,Rozalia Łodej,Konin,aleja Środkowa 42/88
902,Kajetan Fronczek,Konin,ul. Wrzosowa 27
903,Aleksander Suchoń,Kutno,ul. Kościuszki 23/34
904,Alan Żywica,Warszawa,aleja Bankowa 31/87
905,Julita Czermak,Mielec,ulica Jałowcowa 684
906,Igor Smagacz,Konin,plac Rejtana 680
907,Aleks Pacholak,Radom,aleja Solidarnosci 98
908,Maksymilian Klama,Kutno,ul. Owocowa 33/10
909,Nicole Dzienisz,Police,al. Zaciszna 210
910,Oskar Wawryniuk,Mielec,plac Stefana Batorego 85
911,Jędrzej Okraska,Police,al. Zachodnia 453
912,Mikołaj Mizgała,Mielec,aleja Tulipanowa 17
913,Janina Matyszczak,Kutno,al. Odrzańska 46/93
914,Leonard Szymocha,Police,pl. Piwna 70
915,Tola Nyc,Kutno,ulica Zaciszna 13
916,Adrianna Myga,Warszawa,ulica Bydgoska 35/57
917,Sandra Broś,Konin,ulica Rataja 30/85
918,Bartek Wawrzyn,Kutno,pl. Owocowa 69
919,Julian Majnusz,Konin,ul. Odrzańska 631
920,Adrian Łaszcz,Mielec,pl. Ptasia 61/06
921,Jakub Brachaczek,Police,al. Matejki 94
922,Andrzej Matuszyk,Szczecin,aleja Orla 89
923,Witold Megger,Radom,aleja Rybacka 355
924,Aniela Bzdęga,Gdynia,aleja Rybacka 517
925,Krzysztof Zawartka,Szczecin,plac Kilińskiego 520
926,Bruno Wojtasiewicz,Konin,plac Nadrzeczna 265
927,Marcin Nowotnik,Police,ul. Sucharskiego 14/17
928,Sandra Grzech,Radom,aleja Błękitna 30
929,Kaja Baszak,Gdynia,aleja Wiśniowa 06/41
930,Norbert Popielarczyk,Szczecin,pl. Sowia 837
931,Patryk Gosik,Szczecin,ulica Glówna 852
932,Elżbieta Gosek,Radom,ul. Chełmońskiego 52/88
933,Łukasz Borysiak,Police,aleja Strzelecka 66
934,Marcelina Wons,Kutno,plac Sportowa 762
935,Malwina Superson,Radom,plac Partyzantów 54/23
936,Ada Walo,Konin,al. Zakątek 86/03
937,Kacper Husak,Radom,ulica Łanowa 53
938,Klara Niedośpiał,Szczecin,pl. Lazurowa 97
939,Bartek Wereda,Szczecin,al. Podwale 909
940,Olga Solnica,Kutno,plac Szpitalna 79
941,Julita Kuran,Radom,plac Wojska Polskiego 928
942,Mariusz Jargiło,Mielec,ul. Jaworowa 952
943,Liwia Skup,Warszawa,aleja Hutnicza 50/38
944,Nicole Meissner,Mielec,pl. Tysiąclecia 175
945,Dariusz Lamch,Mielec,pl. Rolna 628
946,Franciszek Kapinos,Radom,al. Kościuszki 93
947,Maksymilian Krasa,Mielec,pl. Bałtycka 34/99
948,Dawid Latek,Warszawa,plac Letniskowa 76/78
949,Nicole Sadlik,Konin,aleja Storczykowa 015
950,Nela Świerad,Kutno,pl. Podwale 494
951,Krystyna Kochel,Szczecin,ulica Wróblewskiego 12
952,Paweł Nalewajko,Kutno,aleja Plażowa 89/31
953,Olga Wicha,Police,pl. Makowa 76/82
954,Emil Nitek,Warszawa,pl. Torowa 00
955,Radosław Cogiel,Szczecin,ulica Jadwigi 53/63
956,Agnieszka Leks,Warszawa,aleja Reymonta 480
957,Albert Kopciuch,Szczecin,plac Miodowa 86
958,Ignacy Potaczek,Szczecin,pl. Poznańska 657
959,Daniel Materka,Police,aleja Zdrojowa 12/70
960,Gabriel Domek,Gdynia,pl. Kamienna 67/33
961,Maksymilian Hampel,Mielec,ul. Szafirowa 639
962,Marcelina Fogiel,Mielec,aleja Sienkiewicza 770
963,Sebastian Dreszer,Warszawa,ul. Piękna 19
964,Ksawery Hartman,Warszawa,plac Krucza 48/10
965,Michał Mądrzyk,Mielec,ulica Wyszyńskiego 505
966,Gabriel Lalak,Mielec,pl. Wojska Polskiego 93/59
967,Leon Foremniak,Konin,plac Nałkowskiej 79/22
968,Kazimierz Kryk,Szczecin,ul. Bałtycka 419
969,Nataniel Kozdra,Police,al. Rolna 21/27
970,Albert Engel,Szczecin,al. Krzywa 97/14
971,Bruno Cieciura,Radom,al. Strzelecka 66
972,Marcelina Laszuk,Warszawa,ul. Kazimierza Wielkiego 35/97
973,Eryk Wiesiołek,Konin,ulica Wyzwolenia 204
974,Kornelia Krauza,Gdynia,al. Wyszyńskiego 88/44
975,Józef Stanclik,Gdynia,al. Wyszyńskiego 14/10
976,Hubert Pułka,Mielec,ulica Jodłowa 26
977,Juliusz Blaut,Warszawa,al. Pomorska 29
978,Fabian Deluga,Gdynia,al. Łabędzia 036
979,Klara Matejczuk,Radom,ul. Kraszewskiego 50/79
980,Sandra Szóstak,Warszawa,aleja Stycznia 093
981,Tymoteusz Buś,Mielec,aleja Agrestowa 48
982,Roksana Kraszkiewicz,Konin,ul. Podleśna 54
983,Dominik Błądek,Szczecin,ulica Wąska 39
984,Przemysław Pyć,Gdynia,aleja Liliowa 91/44
985,Natasza Stefanik,Konin,ul. Wschodnia 008
986,Kazimierz Ochwat,Gdynia,pl. Jaskółcza 43/82
987,Jan Mirgos,Warszawa,plac Rumiankowa 596
988,Adam Cabała,Warszawa,al. Kusocińskiego 447
989,Krystian Gronostaj,Mielec,ul. Kusocińskiego 72/92
990,Artur Przybycień,Radom,aleja Lubelska 56/25
991,Stefan Meissner,Radom,al. Staffa 825
992,Aleksander Kluj,Gdynia,ulica Jana Pawła II 630
993,Róża Daraż,Mielec,aleja Dworcowa 90
994,Julian Judek,Konin,pl. Letnia 507
995,Ida Pyś,Kutno,plac Jodłowa 53/17
996,Eryk Jajko,Kutno,ul. Baczynskiego 90/50
997,Dagmara Damek,Radom,plac Tylna 977
998,Maksymilian Orzeszek,Konin,aleja Konstytucji 3 Maja 925
999,Błażej Szóstak,Police,pl. Wolności 62
1000,Szymon Cop,Mielec,al. Kolorowa 83
1001,Piotr Jaszczyszyn,Mielec,pl. Jana 410
1002,Justyna Uzar,Police,ul. Orzeszkowej 667
1003,Dawid Sarota,Konin,al. Tysiąclecia 91
1004,Albert Szymków,Mielec,ul. Słoneczna 530
1005,Franciszek Kaliciak,Kutno,ulica Reymonta 110
1006,Natan Zach,Konin,ul. Władysława Łokietka 75/06
1007,Gabriel Kołaczyk,Warszawa,ulica Bursztynowa 90
1008,Mariusz Rychcik,Police,plac Zielna 013
1009,Błażej Kurzak,Szczecin,aleja Wiślana 12
1010,Olga Kik,Warszawa,pl. Przechodnia 49
1011,Przemysław Frymus,Radom,ul. Robotnicza 75/94
1012,Melania Królczyk,Gdynia,al. Wyspiańskiego 67/91
1013,Tomasz Żugaj,Warszawa,aleja Orzechowa 21
1014,Borys Suda,Police,plac Promienna 918
1015,Elżbieta Swatek,Radom,pl. Tęczowa 88/97
1016,Franciszek Paszkowiak,Szczecin,pl. Nowa 530
1017,Fabian Cabała,Radom,aleja Kasprowicza 395
1018,Maurycy Pachla,Kutno,ulica Wrzosowa 746
1019,Paweł Zastawny,Mielec,al. Sokola 486
1020,Jerzy Skowyra,Police,al. Skłodowskiej-Curie 58
1021,Kajetan Pilarek,Warszawa,aleja Szafirowa 019
1022,Marika Batóg,Radom,ul. Krakowska 15
1023,Paweł Małys,Police,pl. Dworska 23/43
1024,Paweł Osojca,Kutno,aleja Pułaskiego 85/66
1025,Dominik Wyrwał,Mielec,plac Dworska 88/41
1026,Paweł Kiedrowicz,Kutno,aleja Sarnia 62
1027,Sebastian Kurczak,Radom,pl. Jana III Sobieskiego 89
1028,Jerzy Thomas,Gdynia,plac Wysoka 08/60
1029,Borys Zagrodnik,Police,plac Grzybowa 79
1030,Marcin Saternus,Konin,ulica Miodowa 49/52
1031,Emil Bisaga,Radom,aleja Sikorskiego 31/21
1032,Nataniel Żyrek,Konin,plac Podwale 23
1033,Kamil Sakwa,Radom,aleja Rybacka 69/98
1034,Leonard Giedrojć,Warszawa,ul. Letnia 43
1035,Mieszko Wielgat,Mielec,pl. Dąbrowskiego 691
1036,Karol Nyc,Police,aleja Żurawia 44/30
1037,Karina Truchan,Szczecin,ulica Promienna 16
1038,Marcin Stachelek,Konin,al. Mickiewicza 60/59
1039,Justyna Fechner,Mielec,al. Żwirki i Wigury 44
1040,Jeremi Nickel,Radom,plac Łączna 83
1041,Sara Hennig,Radom,aleja Boczna 11/94
1042,Sandra Zbróg,Gdynia,al. Kazimierza Wielkiego 71/42
1043,Andrzej Winek,Kutno,al. Spacerowa 537
1044,Kalina Kościesza,Szczecin,plac Rubinowa 132
1045,Liwia Kohnke,Police,ul. Partyzantów 55/59
1046,Tomasz Szpyra,Warszawa,ul. Powstańców Wielkopolskich 21/38
1047,Kajetan Portka,Szczecin,ulica Chopina 574
1048,Marianna Trojanek,Kutno,pl. Kwiatowa 39/89
1049,Lidia Kajdan,Konin,plac Handlowa 928
1050,Krystyna Płodzień,Konin,ul. Klonowa 98/60
1051,Alan Hajder,Konin,ul. Krakowska 66
1052,Dominik Wabik,Szczecin,plac Toruńska 51
1053,Adrian Czosnyka,Mielec,ulica Waryńskiego 460
1054,Konstanty Organiściak,Mielec,ulica Jesionowa 453
1055,Malwina Kozieja,Kutno,plac Reymonta 58
1056,Mariusz Siejak,Konin,plac Lipca 006
1057,Krystyna Policht,Police,aleja Lipca 369
1058,Angelika Pudełek,Radom,pl. Makuszyńskiego 563
1059,Kajetan Wudarczyk,Radom,pl. Wieniawskiego 418
1060,Malwina Kwapień,Police,ulica Modrzewiowa 890
1061,Aniela Tusk,Mielec,ulica Wiatraczna 724
1062,Aleksander Sudnik,Gdynia,pl. Podwale 409
1063,Jeremi Piguła,Police,plac Wąska 096
1064,Jędrzej Ryfa,Gdynia,ul. Diamentowa 139
1065,Mateusz Staręga,Kutno,pl. Odrzańska 80
1066,Anna Maria Jędryczka,Konin,pl. Słonecznikowa 51
1067,Dorota Kobak,Mielec,plac Partyzantów 87
1068,Kazimierz Rzucidło,Szczecin,al. Bociania 78/69
1069,Sandra Krzykała,Gdynia,aleja Bursztynowa 10/31
1070,Janina Wrześniak,Police,plac Długosza 283
1071,Sandra Freitag,Gdynia,ul. Kochanowskiego 302
1072,Kajetan Ferdyn,Mielec,pl. Zapolskiej 21
1073,Marcelina Bielat,Szczecin,plac Młynarska 915
1074,Marcel Piłka,Mielec,ulica Bociania 03
1075,Jerzy Ślipek,Kutno,pl. Jana Pawła II 20/64
1076,Maciej Nowotnik,Kutno,ul. Ogrodowa 75/62
1077,Natan Salomon,Police,al. Willowa 70/73
1078,Ignacy Klejna,Police,aleja Wyzwolenia 99/98
1079,Dorota Browarczyk,Radom,aleja Fabryczna 453
1080,Sebastian John,Warszawa,ul. Lisia 295
1081,Ryszard Zbylut,Mielec,ul. Malinowa 60
1082,Artur Gromala,Gdynia,ulica Skośna 61/75
1083,Lidia Krzywonos,Gdynia,pl. Zwycięstwa 75/68
1084,Przemysław Barłóg,Gdynia,ul. Podmiejska 601
1085,Jakub Kostro,Mielec,ulica Źródlana 933
1086,Tomasz Mućka,Konin,al. Robotnicza 24/87
1087,Miłosz Boryczko,Konin,ulica Wysoka 492
1088,Hubert Jodko,Mielec,plac Krasińskiego 98
1089,Melania Karczmarz,Mielec,ulica Srebrna 70
1090,Patryk Marcol,Mielec,ul. Podwale 94/73
1091,Dariusz Ćmiel,Konin,ul. Złota 70
1092,Konstanty Jaroch,Police,aleja Szafirowa 67/89
1093,Przemysław Parzyszek,Gdynia,plac Koralowa 848
1094,Nicole Gadzina,Kutno,pl. Jagodowa 149
1095,Janina Szczubełek,Radom,ulica Moniuszki 64
1096,Szymon Podpora,Warszawa,al. Lawendowa 15
1097,Leonard Dworczak,Kutno,plac Słowianska 05
1098,Przemysław Jakóbiak,Szczecin,pl. Lotnicza 999
1099,Alex Bisaga,Police,al. Traugutta 30
1100,Krzysztof Drewniok,Mielec,plac Kielecka 826
1101,Gaja Ciochoń,Szczecin,ulica Kalinowa 63
