product_id,product_name,category_path
1001,Telefon Siemens Gigaset DA310,Telefony i akcesoria;Telefony stacjonarne
1002,Kyocera FS-1135MFP,Komputery;Drukarki i skanery;Biurowe urządzenia wielofunkcyjne
1003,Kyocera FS-3640MFP,Komputery;Drukarki i skanery;Biurowe urządzenia wielofunkcyjne
1004,Fallout 3 (Xbox 360),Gry i konsole;Gry na konsole;Gry Xbox 360
1005,Szalone Króliki Na żywo i w kolorze (Xbox 360),Gry i konsole;Gry na konsole;Gry Xbox 360
1006,Call of Duty 4 Modern Warfare (Xbox 360),Gry i konsole;Gry na konsole;Gry Xbox 360
1007,Dead Space 3 (Xbox 360),Gry i konsole;Gry na konsole;Gry Xbox 360
1008,Tom Clancy&#39;s Rainbow Six Vegas (Xbox 360),Gry i konsole;Gry na konsole;Gry Xbox 360
1009,Kinect Joy Ride (Xbox 360),Gry i konsole;Gry na konsole;Gry Xbox 360
1010,BioShock 2 (Xbox 360),Gry i konsole;Gry na konsole;Gry Xbox 360
1011,BioShock Infinite (Xbox 360),Gry i konsole;Gry na konsole;Gry Xbox 360
1012,Fallout New Vegas (Xbox 360),Gry i konsole;Gry na konsole;Gry Xbox 360
1013,LA Noire (Xbox 360),Gry i konsole;Gry na konsole;Gry Xbox 360
1014,Lego Batman 2 DC Super Heroes (Xbox 360),Gry i konsole;Gry na konsole;Gry Xbox 360
1015,Max Payne 3 (Xbox 360),Gry i konsole;Gry na konsole;Gry Xbox 360
1016,Rayman Origins (Xbox 360),Gry i konsole;Gry na konsole;Gry Xbox 360
1017,LCD Dell U2412M,Komputery;Monitory;Monitory LCD
1018,Gears of War 3 (Xbox 360),Gry i konsole;Gry na konsole;Gry Xbox 360
1019,GTA 4 (Xbox 360),Gry i konsole;Gry na konsole;Gry Xbox 360
1020,Dead Space 2 (Xbox 360),Gry i konsole;Gry na konsole;Gry Xbox 360
1021,Gears of War (Xbox 360),Gry i konsole;Gry na konsole;Gry Xbox 360
1022,Mass Effect 2 (Xbox 360),Gry i konsole;Gry na konsole;Gry Xbox 360
1023,Mass Effect 3 (Xbox 360),Gry i konsole;Gry na konsole;Gry Xbox 360
1024,Mortal Kombat (Xbox 360),Gry i konsole;Gry na konsole;Gry Xbox 360
1025,LCD BenQ GL2250,Komputery;Monitory;Monitory LCD
1026,Red Dead Redemption (Xbox 360),Gry i konsole;Gry na konsole;Gry Xbox 360
1027,Skate 3 (Xbox 360),Gry i konsole;Gry na konsole;Gry Xbox 360
1028,Sniper Ghost Warrior 2 (Xbox 360),Gry i konsole;Gry na konsole;Gry Xbox 360
1029,Tom Clancy&#39;s Rainbow Six Vegas 2 (Xbox 360),Gry i konsole;Gry na konsole;Gry Xbox 360
1030,LCD Iiyama B2280WSD,Komputery;Monitory;Monitory LCD
1031,Need for Speed Most Wanted (Xbox 360),Gry i konsole;Gry na konsole;Gry Xbox 360
1032,LCD Iiyama E2280WSD,Komputery;Monitory;Monitory LCD
1033,LCD Iiyama T1932MSC,Komputery;Monitory;Monitory LCD
1034,LCD NEC EA223WM,Komputery;Monitory;Monitory LCD
1035,Samsung Galaxy S III GT-i9300,Telefony i akcesoria;Telefony komórkowe
1036,LCD Asus VK228H,Komputery;Monitory;Monitory LCD
1037,LCD Asus VK248H,Komputery;Monitory;Monitory LCD
1038,LCD Asus VK278Q,Komputery;Monitory;Monitory LCD
1039,LCD Asus VS197D,Komputery;Monitory;Monitory LCD
1040,Crysis 2 (PS3),Gry i konsole;Gry na konsole;Gry PlayStation3
1041,Crysis 3 (PS3),Gry i konsole;Gry na konsole;Gry PlayStation3
1042,GTA 5 (PS3),Gry i konsole;Gry na konsole;Gry PlayStation3
1043,Fight Night Champion (PS3),Gry i konsole;Gry na konsole;Gry PlayStation3
1044,Assassin&#39;s Creed 3 (PS3),Gry i konsole;Gry na konsole;Gry PlayStation3
1045,Call of Duty Modern Warfare 2 (PS3),Gry i konsole;Gry na konsole;Gry PlayStation3
1046,LEGO Batman 2 DC Super Heroes (PS3),Gry i konsole;Gry na konsole;Gry PlayStation3
1047,Pirates of the Caribbean At World&#39;s End (PS3),Gry i konsole;Gry na konsole;Gry PlayStation3
1048,Gra o tron (PC),Gry i konsole;Gry komputerowe
1049,Max Payne 3 (PC),Gry i konsole;Gry komputerowe
1050,Bioshock 2 (PC),Gry i konsole;Gry komputerowe
1051,Spec Ops The Line (PC),Gry i konsole;Gry komputerowe
1052,Duke Nukem Forever (PC),Gry i konsole;Gry komputerowe
1053,Anno 2070 (PC),Gry i konsole;Gry komputerowe
1054,Call of Duty 2 (PC),Gry i konsole;Gry komputerowe
1055,Call of Duty Modern Warfare 3 (PC),Gry i konsole;Gry komputerowe
1056,Call of Duty Black Ops (PC),Gry i konsole;Gry komputerowe
1057,Doom 3 (PC),Gry i konsole;Gry komputerowe
1058,Angry Birds Classic (PC),Gry i konsole;Gry komputerowe
1059,Auta 2 (PC),Gry i konsole;Gry komputerowe
1060,Wiedźmin 2 Zabójcy królów (PC),Gry i konsole;Gry komputerowe
1061,Warhammer 40.000 Dawn of War (PC),Gry i konsole;Gry komputerowe
1062,Ridge Racer Unbounded (PC),Gry i konsole;Gry komputerowe
1063,Air Conflicts (PC),Gry i konsole;Gry komputerowe
1064,LCD BenQ GL2250HM,Komputery;Monitory;Monitory LCD
1065,LCD Asus PA248Q,Komputery;Monitory;Monitory LCD
1066,LCD Iiyama T1931SR,Komputery;Monitory;Monitory LCD
1067,Nokia 3310,Telefony i akcesoria;Telefony komórkowe
1068,LCD NEC EA223WMe,Komputery;Monitory;Monitory LCD
1069,LCD NEC EA224WMi,Komputery;Monitory;Monitory LCD
1070,LCD Philips 241S4LCB,Komputery;Monitory;Monitory LCD
1071,LCD Philips 241B4LPYCB,Komputery;Monitory;Monitory LCD
1072,Jabra Freeway,Telefony i akcesoria;Akcesoria telefoniczne;Zestawy głośnomówiące
1073,Jabra Drive,Telefony i akcesoria;Akcesoria telefoniczne;Zestawy głośnomówiące
1074,Gembird BTCC-002,Telefony i akcesoria;Akcesoria telefoniczne;Zestawy głośnomówiące
1075,Ricoh SG3110DN,Komputery;Drukarki i skanery;Biurowe urządzenia wielofunkcyjne
1076,Samsung CLX-6260FR ### Gadżety Samsung ### Eksploatacja -10% ### Negocjuj Cenę ### Raty ### Szybkie Płatności ### Szybka Wysyłka,Komputery;Drukarki i skanery;Biurowe urządzenia wielofunkcyjne
1077,Kyocera FS-C2026MFP,Komputery;Drukarki i skanery;Biurowe urządzenia wielofunkcyjne
1078,Kyocera FS-3540MFP,Komputery;Drukarki i skanery;Biurowe urządzenia wielofunkcyjne
1079,Kyocera FS-3040MFP,Komputery;Drukarki i skanery;Biurowe urządzenia wielofunkcyjne
1080,Kyocera FS-3140MFP,Komputery;Drukarki i skanery;Biurowe urządzenia wielofunkcyjne
1081,OKI B840dn,Komputery;Drukarki i skanery;Biurowe urządzenia wielofunkcyjne
1082,Total War Shogun 2 (PC),Gry i konsole;Gry komputerowe
1083,MAJESTY ANTOLOGIA (PC),Gry i konsole;Gry komputerowe
1084,Sing It High School Musical 3 (PS3),Gry i konsole;Gry na konsole;Gry PlayStation3
1085,Dishonored (PC),Gry i konsole;Gry komputerowe
1086,Disney Universe (PC),Gry i konsole;Gry komputerowe
1087,Fallout 3 (PC),Gry i konsole;Gry komputerowe
1088,Fallout New Vegas (PC),Gry i konsole;Gry komputerowe
1089,Rayman Origins (PC),Gry i konsole;Gry komputerowe
1090,Władca Pierścieni Wojna Na Północy (PC),Gry i konsole;Gry komputerowe
1091,Borderlands (PC),Gry i konsole;Gry komputerowe
1092,Company of Heroes (PC),Gry i konsole;Gry komputerowe
1093,Company of Heroes 2 (PC),Gry i konsole;Gry komputerowe
1094,Hospital Tycoon (PC),Gry i konsole;Gry komputerowe
1095,Twierdza 2 (PC),Gry i konsole;Gry komputerowe
1096,Bionic Commando (PC),Gry i konsole;Gry komputerowe
1097,Company of Heroes Tales of Valor (PC),Gry i konsole;Gry komputerowe
1098,DIRT 3 (PC),Gry i konsole;Gry komputerowe
1099,Resident Evil 5 (PC),Gry i konsole;Gry komputerowe
1100,Cities in Motion (PC),Gry i konsole;Gry komputerowe
1101,Dragonshard (PC),Gry i konsole;Gry komputerowe
1102,Dream Pinball 3D (PC),Gry i konsole;Gry komputerowe
1103,Symulator Śmieciarki (PC),Gry i konsole;Gry komputerowe
1104,Anomaly Warzone Earth (PC),Gry i konsole;Gry komputerowe
1105,Battlefield 3 Close Quarters (PC),Gry i konsole;Gry komputerowe
1106,Overlord (PC),Gry i konsole;Gry komputerowe
1107,Rise of the Argonauts (PC),Gry i konsole;Gry komputerowe
1108,Dead Space 2 (PC),Gry i konsole;Gry komputerowe
1109,Batman Arkham Asylum (PC),Gry i konsole;Gry komputerowe
1110,Bioshock (PC),Gry i konsole;Gry komputerowe
1111,Battlefield Bad Company 2 (PC),Gry i konsole;Gry komputerowe
1112,Singularity (PC),Gry i konsole;Gry komputerowe
1113,Borderlands 2 (PC),Gry i konsole;Gry komputerowe
1114,Brink (PC),Gry i konsole;Gry komputerowe
1115,Napoleon Total War (PC),Gry i konsole;Gry komputerowe
1116,Call of Duty 4 Modern Warfare (PC),Gry i konsole;Gry komputerowe
1117,Sonic Generations (PC),Gry i konsole;Gry komputerowe
1118,Sniper Ghost Warrior (PC),Gry i konsole;Gry komputerowe
1119,Civilization 5 Bogowie i Królowie (PC),Gry i konsole;Gry komputerowe
1120,Civilization 4 Warlords (PC),Gry i konsole;Gry komputerowe
1121,Battlefield 3 Powrót do Karkand (PC),Gry i konsole;Gry komputerowe
1122,Dead Rising 2 (PC),Gry i konsole;Gry komputerowe
1123,Deep Black Reloaded (PC),Gry i konsole;Gry komputerowe
1124,Devil May Cry 4 (PC),Gry i konsole;Gry komputerowe
1125,Diablo 3 (PC),Gry i konsole;Gry komputerowe
1126,The Sims 3 Pokolenia (PC),Gry i konsole;Gry komputerowe
1127,Dark Void (PC),Gry i konsole;Gry komputerowe
1128,Anarchy Reigns (Xbox 360),Gry i konsole;Gry na konsole;Gry Xbox 360
1129,Battlefield Bad Company 2 (Xbox 360),Gry i konsole;Gry na konsole;Gry Xbox 360
1130,Tom Clancy&#39;s Ghost Recon 4 Future Soldier (Xbox 360),Gry i konsole;Gry na konsole;Gry Xbox 360
1131,The Elder Scrolls 5 Skyrim (PC),Gry i konsole;Gry komputerowe
1132,A New Beginning (PC),Gry i konsole;Gry komputerowe
1133,Symulator Agrar 2012 (PC),Gry i konsole;Gry komputerowe
1134,Air Conflicts Secret Wars (PC),Gry i konsole;Gry komputerowe
1135,Bioshock Infinite (PC),Gry i konsole;Gry komputerowe
1136,Just Cause (PC),Gry i konsole;Gry komputerowe
1137,Death Track Resurrection (PC),Gry i konsole;Gry komputerowe
1138,Dead Rising 2 Off the Record (PC),Gry i konsole;Gry komputerowe
1139,F1 2012 (PC),Gry i konsole;Gry komputerowe
1140,Euro Truck Simulator 2 (PC),Gry i konsole;Gry komputerowe
1141,Król Futbolu Piłkarski Quiz (PC),Gry i konsole;Gry komputerowe
1142,Toy Story Mania (PC),Gry i konsole;Gry komputerowe
1143,GTR Evolution (PC),Gry i konsole;Gry komputerowe
1144,Street Fighter 4 (PC),Gry i konsole;Gry komputerowe
1145,Sniper Elite V2 (PC),Gry i konsole;Gry komputerowe
1146,Tropico 3 (PC),Gry i konsole;Gry komputerowe
1147,Kurczak Mały (PC),Gry i konsole;Gry komputerowe
1148,Iniemamocni (PC),Gry i konsole;Gry komputerowe
1149,Medal of Honor Warfighter (PC),Gry i konsole;Gry komputerowe
1150,LEGO Piraci z Karaibów (PC),Gry i konsole;Gry komputerowe
1151,Mafia 2 (PC),Gry i konsole;Gry komputerowe
1152,Mortal Kombat Komplete (PC),Gry i konsole;Gry komputerowe
1153,Symulator Policji (PC),Gry i konsole;Gry komputerowe
1154,Civilization 4 (PC),Gry i konsole;Gry komputerowe
1155,The Sims 3 Kariera (PC),Gry i konsole;Gry komputerowe
1156,Rig&#39;n&#39;Roll Tirowiec (PC),Gry i konsole;Gry komputerowe
1157,The Elder Scrolls 4 Oblivion (PC),Gry i konsole;Gry komputerowe
1158,Lego Star Wars The Complete Saga (PC),Gry i konsole;Gry komputerowe
1159,The Darkness 2 (PC),Gry i konsole;Gry komputerowe
1160,Street Racing Syndicate (PC),Gry i konsole;Gry komputerowe
1161,XCOM Enemy Unknown (PC),Gry i konsole;Gry komputerowe
1162,Total War Shogun (PC),Gry i konsole;Gry komputerowe
1163,Trucks &amp; Trailers (PC),Gry i konsole;Gry komputerowe
1164,Aliens Colonial Marines (PC),Gry i konsole;Gry komputerowe
1165,Gdzie jest Nemo (PC),Gry i konsole;Gry komputerowe
1166,Empire Total War (PC),Gry i konsole;Gry komputerowe
1167,Aliens vs Predator (PC),Gry i konsole;Gry komputerowe
1168,Angry Birds Space (PC),Gry i konsole;Gry komputerowe
1169,Bus Driver (PC),Gry i konsole;Gry komputerowe
1170,Symulator Kamieniołomu (PC),Gry i konsole;Gry komputerowe
1171,Race Driver Grid (PC),Gry i konsole;Gry komputerowe
1172,Silent Hunter 5 Bitwa o Atlantyk (PC),Gry i konsole;Gry komputerowe
1173,The Sims 3 Wymarzone Podróże (PC),Gry i konsole;Gry komputerowe
1174,Euro Truck Simulator (PC),Gry i konsole;Gry komputerowe
1175,Europa Universalis 3 (PC),Gry i konsole;Gry komputerowe
1176,The Sims 3 Nowoczesny Apartament (PC),Gry i konsole;Gry komputerowe
1177,Twierdza 3 (PC),Gry i konsole;Gry komputerowe
1178,King&#39;s Bounty Nowe Światy (PC),Gry i konsole;Gry komputerowe
1179,Symulator Kopalni (PC),Gry i konsole;Gry komputerowe
1180,Split/Second (PC),Gry i konsole;Gry komputerowe
1181,Still Life (PC),Gry i konsole;Gry komputerowe
1182,Battlefield 3 (PC),Gry i konsole;Gry komputerowe
1183,GTA San Andreas (PC),Gry i konsole;Gry komputerowe
1184,Men of War Oddział Szturmowy (PC),Gry i konsole;Gry komputerowe
1185,Homefront (PC),Gry i konsole;Gry komputerowe
1186,Symulator Budowy Mostów (PC),Gry i konsole;Gry komputerowe
1187,Symulator Czołgu (PC),Gry i konsole;Gry komputerowe
1188,Star Wars Battlefront 2 (PC),Gry i konsole;Gry komputerowe
1189,Star Wars Jedi Knight 2 Jedi Outcast (PC),Gry i konsole;Gry komputerowe
1190,Star Wars The Force Unleashed 2 (PC),Gry i konsole;Gry komputerowe
1191,Red Faction Guerrilla (PC),Gry i konsole;Gry komputerowe
1192,GTA Trylogia (PC),Gry i konsole;Gry komputerowe
1193,Heroes Over Europe (PC),Gry i konsole;Gry komputerowe
1194,Operation Flashpoint Dragon Rising (PC),Gry i konsole;Gry komputerowe
1195,Titan Quest (PC),Gry i konsole;Gry komputerowe
1196,Worms Reloaded (PC),Gry i konsole;Gry komputerowe
1197,Hearts of Iron 3 (PC),Gry i konsole;Gry komputerowe
1198,Tropico 4 (PC),Gry i konsole;Gry komputerowe
1199,GTA 5 (PC),Gry i konsole;Gry komputerowe
1200,Star Wars Knights of the Old Republic (PC),Gry i konsole;Gry komputerowe
1201,Jabra Speak 410,Telefony i akcesoria;Akcesoria telefoniczne;Zestawy głośnomówiące
1202,Final Fantasy 14 (PC),Gry i konsole;Gry komputerowe
1203,LEGO Batman 2 DC Super Heroes (PC),Gry i konsole;Gry komputerowe
1204,Prosiaczek i Przyjaciele (PC),Gry i konsole;Gry komputerowe
1205,Return to Mysterious Island (PC),Gry i konsole;Gry komputerowe
1206,Hearts of Iron 2 (PC),Gry i konsole;Gry komputerowe
1207,LEGO Batman (PC),Gry i konsole;Gry komputerowe
1208,Mapeciątka podróżują (PC),Gry i konsole;Gry komputerowe
1209,Mapeciątka zdobywają wiedzę (PC),Gry i konsole;Gry komputerowe
1210,Mass Effect 2 (PC),Gry i konsole;Gry komputerowe
1211,Need for Speed Shift 2 Unleashed (PC),Gry i konsole;Gry komputerowe
1212,Arma 3 (PC),Gry i konsole;Gry komputerowe
1213,Symulator Zamiatarki ulic (PC),Gry i konsole;Gry komputerowe
1214,Call of Cthulhu Mroczne zakamarki Świata (PC),Gry i konsole;Gry komputerowe
1215,Patrician 4 (PC),Gry i konsole;Gry komputerowe
1216,Damnation (PC),Gry i konsole;Gry komputerowe
1217,Hitman Krwawa Forsa (PC),Gry i konsole;Gry komputerowe
1218,LEGO Władca Pierścieni (PC),Gry i konsole;Gry komputerowe
1219,Overlord 2 (PC),Gry i konsole;Gry komputerowe
1220,SimCity (PC),Gry i konsole;Gry komputerowe
1221,The Sims 3 Cztery Pory Roku (PC),Gry i konsole;Gry komputerowe
1222,Parrot Minikit NEO,Telefony i akcesoria;Akcesoria telefoniczne;Zestawy głośnomówiące
1223,Call of Duty Black Ops 2 (PC),Gry i konsole;Gry komputerowe
1224,Call of Juarez Więzy Krwi (PC),Gry i konsole;Gry komputerowe
1225,Tygrysek i Uczta Kubusia (PC),Gry i konsole;Gry komputerowe
1226,Supreme Commander (PC),Gry i konsole;Gry komputerowe
1227,Karaoke Hity Disco Polo (PC),Gry i konsole;Gry komputerowe
1228,Lego Harry Potter Lata 1-4 (PC),Gry i konsole;Gry komputerowe
1229,Symulator Prac Leśnych (PC),Gry i konsole;Gry komputerowe
1230,Symulator Robót Drogowych (PC),Gry i konsole;Gry komputerowe
1231,Symulator Transportu Kolejowego (PC),Gry i konsole;Gry komputerowe
1232,Symulator Prac Górniczych (PC),Gry i konsole;Gry komputerowe
1233,Manta DVD064,Sprzęt RTV;Video;Odtwarzacze DVD
1234,Sony DVP-SR760,Sprzęt RTV;Video;Odtwarzacze DVD
1235,Baldur&#39;s Gate (PC),Gry i konsole;Gry komputerowe
1236,Avencast Rise of the Mage (PC),Gry i konsole;Gry komputerowe
1237,Race Injection (PC),Gry i konsole;Gry komputerowe
1238,Lego Harry Potter Lata 5-7 (PC),Gry i konsole;Gry komputerowe
1239,Civilization 3 (PC),Gry i konsole;Gry komputerowe
1240,PREY (PC),Gry i konsole;Gry komputerowe
1241,Scania Truck Driving Simulator (PC),Gry i konsole;Gry komputerowe
1242,Karaoke Dziecięce Przeboje (PC),Gry i konsole;Gry komputerowe
1243,KULT HERETIC KINGDOMS (PC),Gry i konsole;Gry komputerowe
1244,Hard Reset (PC),Gry i konsole;Gry komputerowe
1245,Warhammer 40.000 Dawn of War 2 (PC),Gry i konsole;Gry komputerowe
1246,Quake 4 (PC),Gry i konsole;Gry komputerowe
1247,Star Wars The Force Unleashed (PC),Gry i konsole;Gry komputerowe
1248,GTA Vice City (PC),Gry i konsole;Gry komputerowe
1249,King&#39;s Bounty Wojownicza Księżniczka (PC),Gry i konsole;Gry komputerowe
1250,Port Royale 3 (PC),Gry i konsole;Gry komputerowe
1251,Kane &amp; Lynch 2 (PC),Gry i konsole;Gry komputerowe
1252,Two Worlds 2 (PC),Gry i konsole;Gry komputerowe
1253,The Club (PC),Gry i konsole;Gry komputerowe
1254,Warhammer 40.000 Dawn of War Winter Assault (PC),Gry i konsole;Gry komputerowe
1255,Auta (PC),Gry i konsole;Gry komputerowe
1256,Call of Juarez (PC),Gry i konsole;Gry komputerowe
1257,Mad Riders (PC),Gry i konsole;Gry komputerowe
1258,Rage (PC),Gry i konsole;Gry komputerowe
1259,Rocksmith (PC),Gry i konsole;Gry komputerowe
1260,Sleeping Dogs (PC),Gry i konsole;Gry komputerowe
1261,Symulator Maszyn Budowlanych (PC),Gry i konsole;Gry komputerowe
1262,Darksiders 2 (PC),Gry i konsole;Gry komputerowe
1263,Medieval 2 Total War (PC),Gry i konsole;Gry komputerowe
1264,GunMetal (PC),Gry i konsole;Gry komputerowe
1265,King&#39;s Bounty Legenda (PC),Gry i konsole;Gry komputerowe
1266,LA Noire (PC),Gry i konsole;Gry komputerowe
1267,Star Wars Knights of the Old Republic 2 (PC),Gry i konsole;Gry komputerowe
1268,S.T.A.L.K.E.R. Cień Czarnobyla (PC),Gry i konsole;Gry komputerowe
1269,Space Hack (PC),Gry i konsole;Gry komputerowe
1270,Warhammer 40.000 Space Marine (PC),Gry i konsole;Gry komputerowe
1271,Watch Dogs (PC),Gry i konsole;Gry komputerowe
1272,The Ball (PC),Gry i konsole;Gry komputerowe
1273,The Lost Crown (PC),Gry i konsole;Gry komputerowe
1274,The Sims 3 Zwierzaki (PC),Gry i konsole;Gry komputerowe
1275,Rome Total War (PC),Gry i konsole;Gry komputerowe
1276,Apple iPad mini 64GB,Komputery;Tablety i akcesoria;Tablety
1277,Apple iPad mini 64GB 4G,Komputery;Tablety i akcesoria;Tablety
1278,Intenso Music Walker 8GB,Sprzęt RTV;Przenośne audio i video;Odtwarzacze mp3 i mp4
1279,Assassin&#39;s Creed 3 (Xbox 360),Gry i konsole;Gry na konsole;Gry Xbox 360
1280,Kinectimals Now with Bears (Xbox 360),Gry i konsole;Gry na konsole;Gry Xbox 360
1281,Manta MM266,Sprzęt RTV;Przenośne audio i video;Odtwarzacze mp3 i mp4
1282,Kinect Sports Sezon 2 (Xbox 360),Gry i konsole;Gry na konsole;Gry Xbox 360
1283,Okulary 3D PHILIPS PTA436/00,Sprzęt RTV;Video;Telewizory i akcesoria;Okulary 3D
1284,Opticum AX-900,Sprzęt RTV;Video;Telewizory i akcesoria;Anteny RTV
1285,Opticum AX-800,Sprzęt RTV;Video;Telewizory i akcesoria;Anteny RTV
1286,Opticum AX-1000,Sprzęt RTV;Video;Telewizory i akcesoria;Anteny RTV
1287,Philips SDV6226,Sprzęt RTV;Video;Telewizory i akcesoria;Anteny RTV
1288,Philips SDV5100,Sprzęt RTV;Video;Telewizory i akcesoria;Anteny RTV
1289,Philips SDV5225,Sprzęt RTV;Video;Telewizory i akcesoria;Anteny RTV
1290,Philips SDV5120,Sprzęt RTV;Video;Telewizory i akcesoria;Anteny RTV
1291,Philips SDV6224,Sprzęt RTV;Video;Telewizory i akcesoria;Anteny RTV
1292,Philips SDV8622,Sprzęt RTV;Video;Telewizory i akcesoria;Anteny RTV
1293,Hama 44292,Sprzęt RTV;Video;Telewizory i akcesoria;Anteny RTV
1294,Sencor SDA-500,Sprzęt RTV;Video;Telewizory i akcesoria;Anteny RTV
1295,Sencor SDA-600,Sprzęt RTV;Video;Telewizory i akcesoria;Anteny RTV
1296,Sencor SDA-630,Sprzęt RTV;Video;Telewizory i akcesoria;Anteny RTV
1297,Telmor DSP-860,Sprzęt RTV;Video;Telewizory i akcesoria;Anteny RTV
1298,Thomson ANT1410,Sprzęt RTV;Video;Telewizory i akcesoria;Anteny RTV
1299,Vivanco TVA 301,Sprzęt RTV;Video;Telewizory i akcesoria;Anteny RTV
1300,Vivanco TVA 501,Sprzęt RTV;Video;Telewizory i akcesoria;Anteny RTV
1301,Vivanco TVA 400,Sprzęt RTV;Video;Telewizory i akcesoria;Anteny RTV
1302,Vivanco TVA 500,Sprzęt RTV;Video;Telewizory i akcesoria;Anteny RTV
1303,Wiwa AN 220,Sprzęt RTV;Video;Telewizory i akcesoria;Anteny RTV
1304,Wiwa AN 200,Sprzęt RTV;Video;Telewizory i akcesoria;Anteny RTV
1305,One For All SV 9360,Sprzęt RTV;Video;Telewizory i akcesoria;Anteny RTV
1306,One For All SV 9215,Sprzęt RTV;Video;Telewizory i akcesoria;Anteny RTV
1307,One For All SV 9033,Sprzęt RTV;Video;Telewizory i akcesoria;Anteny RTV
1308,One For All SV 9143,Sprzęt RTV;Video;Telewizory i akcesoria;Anteny RTV
1309,One For All SV 9323,Sprzęt RTV;Video;Telewizory i akcesoria;Anteny RTV
1310,One For All SV 9125,Sprzęt RTV;Video;Telewizory i akcesoria;Anteny RTV
1311,One For All SV 9345,Sprzęt RTV;Video;Telewizory i akcesoria;Anteny RTV
1312,One For All SV 9335,Sprzęt RTV;Video;Telewizory i akcesoria;Anteny RTV
1313,Evolveo SHARK,Sprzęt RTV;Video;Telewizory i akcesoria;Anteny RTV
1314,Assassin&#39;s Creed (Xbox 360),Gry i konsole;Gry na konsole;Gry Xbox 360
1315,Jabra Talk,Telefony i akcesoria;Akcesoria telefoniczne;Zestawy słuchawkowe
1316,Plantronics Voyager Legend,Telefony i akcesoria;Akcesoria telefoniczne;Zestawy słuchawkowe
1317,Plantronics Savi W740,Telefony i akcesoria;Akcesoria telefoniczne;Zestawy słuchawkowe
1318,Plantronics Savi W710,Sprzęt RTV;Audio;Słuchawki
1319,HTC HS-S200,Telefony i akcesoria;Akcesoria telefoniczne;Zestawy słuchawkowe
